PID,Predictions
903236130,189801.75229173218
533120030,336482.88051412394
534127130,168488.42909452663
527165020,156269.7823923421
908103310,150217.4435800009
528439050,231651.5273999744
907414060,188329.44228444636
909428120,202767.49032977753
534400290,156381.35188718102
903450060,168128.64667823707
535383100,70699.40631243355
907196040,216037.00656829783
528228285,157454.7191687869
909253080,164534.83647736808
914478020,140852.5736631808
914460020,187281.44903859927
923251160,140293.6305152344
916176030,140392.19089121872
923275010,157556.71160145313
535101110,125599.8029257024
533244030,231715.45666117285
531453140,148782.80944475124
908102050,105296.72617811203
528363070,320580.20701533876
902204060,119048.62550248913
527302090,228926.9768911877
902302150,129282.49725640571
527453050,143012.69154787296
535301170,171320.73559037698
533212130,144664.76937803824
905104030,126728.7942155607
528231030,197956.5782062662
907265030,239938.26426634364
528439010,241639.61251121302
907412040,196456.6678819925
916125360,160222.76170924935
535425060,175951.3596219228
535457050,109668.33751313714
908188140,159709.79578966385
905450020,159572.90656301117
534427090,123510.47119814412
909281080,226384.02644984785
528240020,194518.2632758297
533215040,272712.1494082603
528188120,197064.81254983586
528228550,179993.54498269284
533208040,208367.42447644498
905427070,200964.8838462366
531363040,151986.46276118024
527354040,231979.03425347235
532378110,142608.56887477083
527403310,149058.12921838954
907410100,192083.89322168322
528222090,185196.2695655462
909131170,145895.7599823901
905451320,145576.51833406236
528235020,174471.4762159442
531376010,179326.8872198465
535453020,160607.79368643858
907131060,171688.76361627143
535151160,144810.03323122842
533254100,175023.3519068342
527216080,439880.2865583082
535426350,158977.91260665358
916176125,311243.2833656847
905378040,133541.72941172574
908229020,92336.13593795599
534250335,177534.95495096347
908188110,159709.79578966385
528478030,257857.41986310203
923251180,165992.12472081385
902105130,68480.77790084432
528181050,212581.51286116889
532354090,156822.37054508683
535456110,124640.83323156883
906420130,226873.892273278
534252110,124378.71422359094
531453100,162799.71301269488
535380140,151187.05844476115
535305030,132176.74735780983
533208070,170705.2814307085
534126090,184830.89893854404
535378120,144239.05352635373
906392090,257359.10381128688
535454100,122712.10776878841
923204140,136412.16223913178
905426060,57540.87183620545
527216070,473692.4609206688
916326040,185698.68340709276
527454050,133232.87784637258
908225320,122007.616133412
906382030,225519.22264255356
535179120,109838.14960589643
535152130,128988.25801438995
527404050,133813.8526391479
527165100,161221.36511648988
916475110,209919.9207830479
909252220,137723.77503416527
535376010,92156.65288647711
907203070,127341.88946809658
527451520,93453.21048020256
902406090,150430.97285911776
909275230,169321.66307851308
905225090,169665.2866975271
533208020,231024.33564702873
907414080,173296.83870231063
909254100,155006.96330977997
909275310,256903.97414968797
902326060,141894.40906068127
905427010,187498.8021010702
906223090,225715.21925749784
527450030,110003.82339312274
906382050,248089.53195518767
905104110,143685.6204396974
527355060,170560.9683259405
531452020,105566.0573953656
527425060,105346.59379391134
905301050,280929.8506359523
911370540,297912.99412140006
905105190,132170.7497775954
528104070,440939.18539474637
531450170,184462.68819161222
528363020,311782.4557182283
908226130,72908.9021220533
907192020,189184.0764667263
527127140,321071.00826096616
534104100,204125.69916074217
905401045,195600.90520374538
905427050,165835.57584417428
534431030,134983.13427472787
535402180,94987.25702104067
905228050,28122.289552728413
534104090,237441.66320444696
923226150,144693.91281779506
906204180,248673.95458665665
916325040,216552.55812892847
535452060,134569.7857110291
905226110,150891.88015833445
527126030,288231.403148917
909252020,156968.54242999628
909176170,164759.49720614663
906378100,231574.19102132245
902207140,104502.84889946939
902103100,140375.8876189366
907200130,124912.88630243053
532354060,128618.30241175194
924100070,175283.67026974872
906201200,271929.22080910584
535154050,127357.47852425385
532354150,140140.8222333167
905426010,216506.24246209694
906380040,246847.92973902545
534402060,155941.68669934227
528118040,380268.4032029847
527161040,166084.33145775538
527375180,161966.06393762687
923400040,175588.52599565437
532376040,132766.97990001919
527425025,98397.55796611302
908276150,59935.807392893985
903204095,90802.2805748421
914476130,158307.5719082785
907255030,270025.12938165787
908275180,139638.6460991979
907176010,195077.47067009652
909101180,120088.34203435927
528228280,193802.65159181692
903454080,124231.60979608663
909475040,328878.7201682747
528218050,180721.41923608148
535450070,129142.13010556728
906340100,373202.19379639893
528275070,232260.5741400913
527402210,112431.43021715392
534250370,328465.3579178257
903232100,134206.41209368382
903426010,138009.75092333084
527162080,182066.60505295946
534426040,142894.3113926349
905402110,140361.43302640467
535354200,143129.01975292913
532378180,100147.92624078726
905426150,204826.64370982378
907290090,199623.1803174096
527402200,154781.66464042536
535180070,134281.43731857705
527453150,105965.19127262718
535477130,157055.8169548899
910200020,103184.28598023664
909254090,166521.9320461355
527450250,95687.551956263
908103320,143032.17598390003
527327050,188229.90689917078
527355150,376836.3674865293
907203090,111986.53589160115
903235010,144944.4632164809
533250110,220725.89273484898
907175100,198300.3949840942
910206110,97437.51841374303
528186050,319040.480483569
907275010,247669.34007496183
527145080,218528.39399447857
903430050,83633.83843325537
906380120,204664.15740856258
906225180,185436.3619269676
534451080,66909.43125087595
528174050,216876.89837973463
534276160,114650.60700726055
904351280,100631.06411646523
535305180,133283.7326852871
531477040,143242.91842466267
907202160,159155.65854344994
534175080,214347.02141400214
527455270,98961.20296735415
528180130,292771.27146180096
534475160,161333.62307225476
527158090,171658.76310272017
527451410,94347.03245335986
533215020,269499.25998678897
923400025,160271.54475936835
531369010,216071.9888553784
903225140,131417.81392073393
527450010,103302.81075003262
902207150,105255.93028845191
903231220,85252.37428328175
528114010,414083.13306673174
907187030,201463.46416907033
528348030,274511.195686021
907187010,226530.02816354262
910200040,119989.2591074196
528150110,346343.87956624216
532377020,96242.31349545918
528458120,247147.8836732651
532353050,127730.35703832968
527182020,183206.4079956617
916455150,283243.5628954019
528142040,351835.6957533485
911128010,133528.32006184608
906380170,213413.49274809615
902325050,173978.36247049036
534202170,148004.19791420375
903232170,73814.9204307196
527401160,117108.74695949454
917425190,219055.49442207988
528435050,277045.7783476835
528118020,306841.7350259933
535126040,213309.81359728766
531369060,191057.73199754237
906340080,358607.39680252003
534151120,237829.28943419718
916455050,208811.0397280514
909279040,118707.8075873177
528174060,216744.86613724494
905452160,155461.51219812376
527364030,258704.60827053234
902134060,96321.46368543546
528363050,308371.4849541219
527146010,252544.25217743928
527164020,153817.88422504702
533125080,295199.587159659
535476240,141694.99010853065
902105110,109494.44326573212
907200110,127959.08184662162
923230040,176774.4591169143
527165230,181725.6174452014
533130020,256499.5042743986
528328100,311448.338197598
907412020,194066.5372736642
528363110,359157.4987276365
907200250,152355.36020267903
528235120,191745.68262911352
531373060,187207.78779357218
527455050,147498.15223047716
914452090,183543.41449591733
905352010,182351.0991094336
535450180,74652.0097264337
903228070,101685.12971120878
533223050,151457.31744815965
534477270,191062.5109283289
533210060,164437.8216098211
528172020,288763.6815936186
528172060,246301.41662483616
533206050,186876.47375348292
527401130,132145.292716953
533223080,172255.46891152675
923202105,195745.25675817695
528292040,185371.50886383426
905200090,122589.08010144928
910203100,42565.01216191173
911226010,100426.81888789395
528445010,214906.91290938543
909452102,192515.1188163328
911103060,115097.14909193465
905325020,266955.4162095919
909451130,118407.40089817201
911102170,102524.55234042867
528174070,216662.87173368462
527451540,97964.10149597013
923225260,195412.59206675354
531479030,110241.83250982987
528315110,324699.3698645818
528250100,169926.3300286662
909276160,298097.1768050093
907227050,126572.18438650326
531382120,216982.55963033397
528292070,220297.66842175976
907227080,134589.83271437275
910251050,52504.402502871075
527356020,275506.97938068514
907227110,135962.90158519396
527258010,372744.32326844736
528142010,323229.76690467884
534201280,134630.45165755134
535377100,80883.7080065743
528321010,360512.2641542669
904100090,178160.3739520282
531452010,117933.05515261221
534275220,111434.44801886662
535453200,161079.4806472613
527402220,141328.23677296142
905325030,233344.68001619677
923225190,116739.51180465269
533252130,221133.52965469312
902109010,113485.3029988086
534450090,20655.669455157127
902326030,212046.97983808772
531363050,143234.29559812843
527108090,256086.52388031097
527375100,224642.12457185666
535180030,122325.80136061039
528228545,174851.96123487424
906201120,236446.36795119528
905452120,144247.53696284344
907203010,126466.34075356572
528458150,313506.9049916144
535403280,168356.49093832984
535126100,143527.0938980648
527455080,145991.70251080184
534128190,229977.34064258152
906475170,300974.7848587058
923228110,72833.28790057394
534450110,61743.474189512024
905452040,157338.39709949438
533252020,163431.3563248593
528458060,198863.86601058245
909428170,251652.91800398822
903231050,106028.19806814686
914474070,239248.19942478015
902135020,75574.8899728728
905478220,162541.73942255075
533213070,173292.92348208377
534278170,148491.15708842987
923251080,145444.26575474787
533241010,198435.28772744132
902104020,143667.1325244661
903456130,124223.67831431946
528106040,388165.682405893
534201230,130011.06152262207
528166060,415082.92293339316
535325320,128968.2586079168
535325400,101089.8906875186
526302040,151188.99369482056
907290020,250145.08275382157
527164120,197045.05211239835
531375060,150394.2322220325
903205085,119118.68529311274
528106070,346813.0087347898
903455090,126332.63324807235
902306120,130972.67631988475
905451390,163259.92636713575
916226030,199622.72446715014
905401020,243961.25373292985
534102025,223668.74807686615
905452110,116872.60685476966
923229140,199995.28074993455
528429060,253329.95530996556
535450220,116749.56766633135
527402380,82475.38190355903
907202080,140467.8455870511
914452190,138430.0167513367
527427230,189815.87743383413
535105160,124470.23442839496
528235200,172138.89557062933
528144030,304532.0911338631
527256030,384411.14323849947
527380240,265981.2222144443
909253010,188443.48248185133
527404100,113058.4112013683
905108190,136512.44712135545
905226050,143731.2399727704
528221100,173925.24507255247
535354050,120209.67335217967
527182190,229717.6763631125
903484080,62630.68929434537
527358140,211781.59330389882
535353050,165730.27692276804
903228090,109839.64178027763
910200080,115912.22965249252
905200280,171189.95407778287
535353060,113607.66931052502
535178120,137205.18979434104
907275150,281586.621926944
908152280,177156.82298581646
528275035,169490.41142882645
533128030,285985.8134497481
528488110,215202.03104791004
535383110,103967.40939631914
905226080,163097.18062244117
534175010,141379.3691854918
531375120,170458.09704569093
905101490,138735.96537441696
923225490,113841.22829497642
906201023,223859.2021231941
528250040,180125.73755715523
923228370,92151.65434933356
908275200,95027.63310525789
527451550,109990.00450808732
527353060,248142.54726166948
916403020,195903.8720300637
911370490,362605.11213837925
535457040,136044.77010536258
532376160,135575.921599787
528235050,182027.37703740748
907187040,237880.13332506258
907255010,209268.14691426876
528280100,197713.46332182403
534403040,181760.0129111832
907253110,223384.4951977162
908102130,102074.65331934419
528120100,259320.4480332762
905453040,164376.59520649718
905109130,291564.82327021525
905102060,127332.23365400123
907135050,147067.26958242504
528221060,175222.25552911626
533223110,143418.49703320517
532479120,207870.6887450442
910203290,117653.07240648461
528110070,284198.445262731
923225510,119367.16622346293
528480170,248707.55980552733
531376030,189509.7501319445
535304100,110679.70264694784
902100010,100777.84270745791
904100020,102328.90267383249
535402090,164815.53448032303
528427100,256775.6659602936
909178160,143360.97534006299
528280130,187880.26121803396
527105070,196354.77086143204
908188130,152444.27405540377
909101100,131772.39415120578
911370530,303363.38588874415
528114050,347963.7122339621
532479140,167163.27833853423
528294010,177685.60419509772
534430080,124136.970022197
527105130,273989.6825389158
909252110,162173.0674561306
528290090,169961.64213606244
531475220,160328.40376142404
902207010,112453.98707892263
528456240,194051.23147793498
905300020,159737.68918460933
910205010,143841.38618640765
902330090,201892.22823117327
528221030,182691.2722445085
528346050,334892.75366798765
534478140,141595.5777658813
526353030,291066.7902376818
921128030,419226.93303330283
527451450,96327.12720662783
531375140,158740.53587184614
905103070,134068.04443152362
906392070,205418.2938948151
903233050,139560.1684082002
910205130,135761.8640564475
923425030,120573.66155119371
535402120,172485.9494207807
908128060,197494.67869276152
903484020,128201.75192673045
531451290,202477.47882288383
906223210,232433.04348619323
534201130,129048.46302263808
905226130,157045.01821337244
527402240,188111.0618269806
903452025,93913.02175639782
527453160,139415.63742897296
909281130,266303.01561217516
916325080,294535.4593672799
528186160,221121.11428993038
528188060,210005.60519414546
527302185,255293.68786755536
535375140,87135.27593196479
909280030,233019.60309520044
907420080,198077.46520485816
531375050,142847.90573098848
534477030,185046.81426553242
528228445,177757.14824336607
908127100,108154.13215652286
907203110,140750.14562377657
527166010,234878.69780720095
905108090,154293.75099163255
916386060,149251.83352103975
531452070,154539.6380072227
528235130,206968.76772425263
907255050,249621.31661493063
905101450,151684.2858685854
909279080,201619.5917682582
528188150,210169.45022733792
528360050,450221.8985082686
534451120,82270.65505217147
908225170,81543.9311261827
902402130,113091.27374499453
907401080,204006.41330725065
909451150,139082.9785102809
914467040,231989.44686018402
907126030,156837.07644591984
527302060,185089.91351590495
911370510,293050.8321227005
909275110,183793.61760368614
903236010,115816.29948801914
535453100,132189.7421849253
528482010,238463.67481941497
907187060,212472.8994891697
907253060,227125.9657216285
535175030,169830.34360626372
528218060,178168.68175038625
905403050,121181.93049917746
923229040,152684.33432820943
902108060,118704.96078412804
909250220,154903.81536982182
531477020,78363.03012421924
528427020,233790.76701664084
528218130,207795.7749165179
902207110,66230.41557585118
902325100,178517.7400709497
528222060,192418.97111787152
527161090,189198.86980279515
528290030,171986.64269622116
909101070,56579.756820569615
923225300,89473.06285336637
528180140,378588.0418362607
535325280,119403.78715577493
534479320,144657.1640063197
534477110,157385.57751809174
528221050,196633.17939166425
528228555,190757.87042854985
905229040,147084.419265488
534250010,135582.69548278517
907290230,140376.78846185395
908102170,172465.55163641382
907200270,148872.92175876975
902100110,168340.66173702636
534278070,165683.82503026666
904351200,125748.0631745593
535179020,189049.8064617646
527166030,183739.46346307656
905452140,160437.04541103862
528222010,261275.51335227478
902205070,29462.489585379168
903206170,177689.78353129423
907175080,229942.9039831189
528142070,356501.6054641589
902201130,111464.83665803916
535353180,220012.87641606096
903233140,128964.99332690905
527402090,121641.38508294873
528228575,270719.26985944837
535354260,150096.9863318937
916384070,270000.01960948535
909282110,179870.9894553961
535154130,150765.0831921488
528188040,200108.86279442813
528477030,228609.470184055
903231090,133877.92894645923
535180130,107800.10598844738
902404010,157657.93695737113
909425010,223918.5622480675
905352070,221362.95472416532
903225150,82367.90979650732
535353160,110338.96691230343
923252080,112360.96766405954
914475010,144179.59266870224
902305090,102583.2394157125
535150280,113433.00967448625
527451400,92799.60853673464
534226060,166933.20240899536
903475100,123625.69533956455
531363020,147512.46121975387
535175050,151521.19265314922
907180120,225189.80419684466
528292020,214969.8365812715
527131110,278953.44593094947
528431070,227580.35323560343
527376090,146779.19844364887
910202070,130719.73594909065
528344060,301231.4928788317
916326010,207343.3760715653
904301375,43495.99507364401
903227150,141445.42907514903
533234020,223017.24636637466
907194160,213923.2868552931
531376070,174008.22047283256
528386040,376709.74954245565
903234220,142889.69888695722
910204050,154029.54865578003
535105090,153062.99793262617
528480090,255301.51906575065
528110100,376893.27954117476
527404140,95748.97498948163
906226080,141916.1283477112
534428100,140567.2487422758
904352190,131610.2350567307
533215070,264109.7986939375
903425270,115592.40189409522
907135170,145657.43310965374
903227080,120750.60714504283
905200340,172623.10123456144
907252020,232939.46748835026
534251030,177762.37836171538
535354130,134901.60965517274
534453150,120796.62796623775
907420090,197383.05759191664
526355080,347895.07075319777
533221030,178934.82740979848
902205130,90475.47385918253
906394020,216787.10380112936
535350040,126872.63506650504
534252090,235188.635261135
903454090,139414.4243616778
527450080,123583.13749127221
535352080,106139.21542951708
905100080,164798.35032407756
527455100,137222.6673569593
903234100,149149.2362875471
528172150,268565.982427681
527354100,197413.32226030697
533205060,251114.98845413933
534425080,178092.42843283789
910226040,166378.663337671
534175140,139198.66307150177
531367050,230686.2347541014
905200100,135430.14282797984
907130110,165293.15138238727
528240030,189909.4880806388
535382100,170888.97902793187
905479110,117928.52722195572
531477050,93618.57087501825
527165170,174351.70344553652
914465060,252883.93730335668
528429090,335767.8662990482
528180120,353868.63086111774
904101110,172394.2550783484
528164040,370581.9928644276
528172050,258470.7332077737
902327070,185752.8914537403
528292030,257773.0615327236
903455030,116693.59090758229
528340030,390467.3914012545
534425015,218011.04962906454
528344020,324634.47429991054
534129230,167740.36450040768
528120160,327344.5980293043
534400060,164599.01206475406
527450150,111838.05862060844
905352180,218351.57465265805
527368010,229407.14045028156
528166150,320308.5112965327
902102060,148888.94461920988
534127210,185263.50183529113
534201260,146287.37941542233
902401130,161895.58134721528
902105010,107705.98518774968
527455240,104600.70412045528
527183060,237656.14552576156
527451110,129197.25268789334
906394010,231076.10796709225
528228580,223922.35602227825
903456090,90030.44451657057
535402230,147308.87735862136
527359160,205492.1246452874
911370430,350194.2701884066
535453040,134001.84919420694
532377060,106324.65546932013
535402330,195513.07106022275
914475090,169058.66356182867
527325110,186750.6908166767
916384080,246323.27734487256
907420040,169198.45570384568
528221070,184744.74833796354
902300020,191634.5077566757
527162130,195717.09881213336
910201020,95147.57772097332
534401190,152095.78646861535
526302030,152280.4091587667
903231240,103843.2962326965
534200030,122124.65264104446
535105100,165808.7207321779
534403400,164269.40309368557
907135230,154592.987627746
921128020,353112.85160019214
527105060,184351.20213718727
902332030,196473.70427555646
534429130,146691.25448770408
528326060,268880.2140522845
533350120,304807.12971796445
905475500,73821.0764698531
528385050,276000.19972152566
534455030,163914.36765893002
908102030,74704.54752663308
528480060,323716.7611471665
908186080,131890.204495381
528138030,395905.49832128384
528188090,197093.67009864122
528458050,224221.95437543746
914476520,216855.5876985992
902202150,94135.61008831098
533208080,164475.75588745374
907230240,141644.4785056982
535378080,143618.04851644934
907260010,244367.5023061731
907200290,151797.9594566912
527358200,187692.53565916425
533223020,173906.73412129088
923204150,128419.2734360839
534129080,196151.38015658467
528275080,207284.66066986643
534476100,144870.42725238204
528181070,233336.30106403676
528364110,308470.3158333411
906380180,201887.35950134636
535155110,128907.7369363509
532376070,119053.71566394561
528228455,164581.51447804514
911370460,287268.52449698496
902105020,259662.99546419387
903230100,123417.33424855505
909101060,49825.213878803304
528102110,422608.2107853608
528439080,229208.30098630593
528445020,218618.74390029878
905202190,225141.32775153482
902206260,89925.29974848876
528322020,348362.60184102645
923228310,76854.12922187084
903430060,137810.59693401944
528106060,333866.681667474
914465020,237352.11368347297
535152060,132823.9511438693
527427200,180985.6055694456
902401010,120497.71895291646
526302120,211372.65873070993
907290250,136897.70923651967
535403190,162340.52315618697
528365070,329952.69595170603
534403410,160910.2792261377
903425190,226757.50447024056
528228460,153826.7514369909
534275100,116801.47036204778
528240050,192852.72374025662
902300090,81393.80215612035
923201100,134132.5009084342
908225290,138670.03817916612
527158020,172678.1642373648
527190050,238133.68850632716
528490070,208098.537030262
903425420,124912.2190777749
905106210,133122.86892053406
909451100,140037.3752240481
534202030,140301.59170533845
909426060,240555.0651689701
528174010,199171.92891584928
535177110,184325.70989917687
905107220,150189.6327341759
909254070,174371.18076693555
535350030,131338.63786206045
909250030,114680.94529610826
903204040,159014.7094979195
916403230,192143.42445462066
909101330,21504.5548170353
905352030,205314.3004759111
528435030,271103.42224874767
527216050,435769.1352527949
528228405,207117.9375482394
902202090,155070.44206644705
534252040,137207.7839373104
535176070,156099.32205585542
902109130,89503.99588816386
534151175,261737.11888498493
907180040,202451.71228347777
908128050,142837.07672951423
535153140,186154.69707587326
527183030,226686.69214578968
528429130,296886.6003424715
535353130,101499.30019261483
907180050,193246.59821474404
535451010,109275.83224540389
905103110,116071.99133653293
907260030,192082.62174072198
914476020,118876.47458603745
908102260,150780.66454796484
903234090,145305.66829757218
534400050,161514.4875851167
903458060,118869.60487601893
533110130,277341.99596889166
528118110,312928.3727567353
533251110,287546.92094581167
903233180,146891.32607301782
535478090,105935.59260061428
535457070,148060.20629292988
903454010,121767.12205204673
528106010,334606.5495155255
531452050,105975.91108456701
903425245,181799.77072915703
910206010,45525.97073450801
528112040,337646.58142996463
907260040,189049.04596840436
911370520,318707.0551191007
535376090,121006.03395086799
909282130,167588.28450279945
528102040,384279.3748053252
907275030,204770.70526343037
531363030,165099.97459675212
903227090,132883.1192736213
904100040,129436.69232329329
535151100,135134.79050246143
535455080,111670.2929806505
905101300,132753.24207561286
903232030,78459.20869524279
923202005,202030.655839938
923276030,128303.24914495923
527182170,254324.5988500744
528445060,233596.6554233341
902109160,163926.15268247583
908128110,190715.9310313062
527451320,88579.4061450584
527455090,120602.88787008752
907252060,234733.03548523964
531452180,210896.49915103024
527105050,191905.7018281706
909256060,126135.2817279447
535451210,105408.46668649545
527164060,166085.67079681373
527375160,189689.50670738216
910202060,123709.00403297717
531452100,148665.74301752602
535426130,198625.40192414727
906394060,195195.35106859606
903233100,135636.7263148956
527162110,189724.86788206393
905102010,153214.2637289972
910201110,93134.93129354891
527454130,143131.8380600027
527376110,183177.95243282677
903231080,110949.73384068086
907126050,157325.0114648181
528456190,211047.01086133675
923426010,125774.96493436676
535304060,96663.671712289
535402270,136096.9456205797
908201110,65374.669746310145
527105030,194875.89700401478
923225050,139831.97405110823
534403260,105792.40731350332
535401080,156213.80643387695
902201120,100128.18323679414
527358060,189900.28131809406
531450040,179818.1934382423
910202030,81657.2351333526
905201030,67697.46643618947
535303150,124418.0983211994
534204120,143854.89553302355
923275080,157995.54997473775
527107020,173160.9695509229
905451410,136570.40956688754
916225130,285883.9183365006
528439030,221625.9556255486
533130160,300563.4087206938
903458110,106222.77933854518
528387030,286635.2631119333
906380010,199854.40432046299
921205030,332058.9781624898
907250070,251165.61769187718
535178060,139038.5971213613
909129100,117984.82390706489
908152080,136446.06116678845
909281010,223094.32142985694
907262020,193080.1487569655
534276290,95169.90029029232
923202220,169603.4472088652
909250060,195010.39710161486
527163040,175524.31337609686
909177100,148836.8002069409
528172030,320946.8394570835
909256020,109542.41952476968
535152280,159071.86013870136
923225370,114702.43820919169
531453040,162895.2752049134
527451650,117297.26598251768
527256120,423890.92126712657
535477090,109519.40640404033
923204050,151991.72174596373
909428340,225346.55049315616
526352090,190254.9296077056
528178070,347177.2120675228
535426195,211953.96157384434
535453080,152444.72116441999
902207120,71592.89109380193
923250210,114871.19212431648
533236050,202089.66113606785
535179160,114329.48858575022
909250230,152566.67391319174
910203230,69675.97704988593
528366070,296431.19927428674
534252070,85954.36401955162
903206160,159856.38374857194
535104120,195581.9032779305
527226010,178172.41651747318
527107240,189440.71926863375
902327040,138140.10866079558
531453010,144192.66055193252
531382110,188875.1200510554
906223080,214316.1124161017
902301130,113213.30745364806
528253020,235438.45316594912
531375100,186514.13164755274
527214030,413343.8437800285
914453045,276885.2495099213
527276040,164411.0173959248
534403360,147561.13530843466
527105140,212842.86141658237
909250150,161435.98965159213
533130130,289103.2447605986
923277080,120972.79386760562
527451640,116612.81074639742
903427040,189500.78272633228
535303110,137839.74312495545
908186090,145428.61297721992
531375070,142208.35317392307
905475150,155905.67159226263
905477010,88634.60334517567
527163080,154058.21823953636
907265100,209130.33630645374
528221090,195221.26096834475
903427120,156339.58969902486
902206020,49207.879896563856
535353240,172631.18438945693
906477110,147460.7068841894
908154195,705544.3868483746
916386020,186010.9286889502
528390100,349451.52232450835
903458020,103057.45057395687
534426110,134259.92562093018
916403010,196322.4347376157
916386180,219004.09820261938
534403080,204824.89361826295
902305010,142954.00706956486
532378160,135924.09188649518
528186090,324599.1795831864
907131090,218186.83919959556
527182040,179061.25586825458
902206220,165338.66965648407
907290260,239868.56048433037
908102330,119487.36155824215
907192010,218009.7235215846
526353050,242137.9306773006
534428060,152622.76575815622
909425130,192636.08256869102
535375010,79483.4327690562
528480130,221430.21298847866
905200510,138994.8691469193
905104170,104172.88296795398
909250120,146653.18434915668
907414040,213397.80845883474
535477180,97848.4816338163
528480160,203896.2500080071
528138020,296365.2816773648
527108060,275063.0289070276
907201230,172262.47785085186
906394050,172094.14484366318
528431030,216492.9865375391
904100030,133410.45751518814
911102180,81823.51405400461
908203100,93935.86725625854
909101140,144505.50285467
531380110,197114.2198616596
921126010,290517.85324862774
528108010,253263.01725212528
534202020,122258.30662882577
528327010,406725.4106623131
535105060,166001.7052055889
914476450,201297.72476036526
909475070,251307.4601596655
909276170,178461.65845123367
528354060,277666.8459549838
902204120,134508.9161517046
902305110,156138.61644707408
535451250,142891.16684846499
528116010,331425.0622077307
908102060,51074.00576194856
534252240,169878.0484861888
909451140,122109.7821622777
534429030,81467.8760027383
535152250,149217.9458776677
528142130,290773.5982918849
527140090,229698.80394803552
532378200,146483.2178408277
907196020,205216.92349324058
528458140,246284.67913301656
528478040,232965.98705905676
535452100,131989.06659360373
527365030,248089.07429757784
533221040,178663.82348463987
535450200,131294.93587965544
909277100,149806.4234216773
902206130,130628.11909660397
908204090,134200.08973866183
914475030,176179.9015288989
534403420,133791.79869864235
902408080,204006.1788304251
535478040,121682.42382654033
905478190,88905.51621341937
905200380,110069.83280533973
535325130,119620.509891478
909428190,222404.47133615156
534275170,147018.84247568127
528118050,456875.9263951879
909475020,234813.48754997732
907262070,193418.5254417047
532351060,107347.75869507439
534403440,145359.54496105784
902107030,132096.46305566316
531385130,242428.94536765886
533253210,197013.40757733915
902301060,114773.3676775181
535175070,147406.45644557406
903401030,152505.18733085543
904351040,86329.69558855532
905103030,143045.45013157654
534401110,155481.2031390603
911370500,361385.5170728617
527110020,158743.75105838518
908276140,101259.9852320993
916402215,189204.18930747776
528477050,357169.2787441923
533242090,280509.13408591895
903429010,140613.01055328164
907290080,221931.35125805635
527132090,239375.99045619176
528490040,230307.98139396115
923203090,170169.44222363393
534151090,198353.27412732746
903204030,150312.35120616204
528387050,286255.880084532
903200080,207357.2160389837
535152230,171724.02366163823
903200050,72360.24483682417
528354100,303556.07780294906
535151110,140111.20421812288
903230110,109800.73379428746
905103180,133256.72730781528
528102030,390681.29713070055
528108040,379921.5729229074
535354070,128595.2334847547
528186030,334853.89576372463
535179050,138714.3576421765
903231190,108074.41664716612
923230180,130808.37755671976
535375040,92128.25357436315
535325340,129841.18175403611
923275040,169697.203043166
924100050,146096.49879335606
533208090,187810.1763075128
923202025,197866.45314509407
905107070,157394.16627336643
905480160,107720.22704525811
923225150,117270.69208304654
909426090,168015.2432255571
906392130,175474.13039951163
535150240,119334.81426154112
528104010,345630.92495681124
527427110,152824.3360913068
909253180,147137.19029826508
534176060,187250.17753977585
923225200,138018.3008862731
916402125,175050.66314492014
527454120,137647.5016985963
908275090,102833.04907802171
902105050,117125.6871264688
906223180,213616.41970392235
903429080,198037.12380480653
909256010,147668.0699600088
534128090,201178.25928256824
535101020,184739.26319665564
528186180,220357.1045798504
528228345,226554.1182469995
528253010,219123.6262971169
527451060,98054.6806527853
533242080,187896.6735536318
909455040,167702.22745187924
528218140,225364.85027905414
527106050,170044.5970476063
534225110,138323.44922066212
535152150,195293.54934113869
903481130,91070.38219434574
527252080,236364.4304440839
908225240,100749.02309888814
905103040,167399.62340749585
902403070,143187.70308803493
528435010,212279.6403452072
903231030,139008.2202469788
907125040,153688.30880632612
534151180,235483.9513129902
909201110,134351.92084365938
527110130,157158.6840070735
534128020,225285.70071988902
527256040,488937.69784279494
527452190,131309.0899600404
908186070,148113.70846282432
528118010,311420.10072527314
905105200,128024.23522663128
908127050,136987.35459341362
531363010,176972.39009955758
527165010,182278.18868439802
535377090,131105.26083296645
527352150,184237.38562786125
923205120,123475.74473364951
528348010,266761.75781006936
527107210,204810.43078557137
923276260,148065.55353749378
909277070,128220.79609665394
903228080,136988.44210748613
532353180,151339.91913029458
908225310,74765.45695774845
534431050,214920.96733611284
908275280,138868.45633962762
532478020,293713.9997008429
528382030,238030.20845291324
528108140,400291.867124378
528176010,471445.08289878035
923228420,80643.2770135168
916382120,297132.6731470333
902477120,62208.44012618766
906204230,233920.05570189084
528166120,383783.4616481615
527108040,227779.70163440646
903226170,143626.8454136373
528435020,274844.4177048336
534225120,139819.73048287298
907275080,236774.12330258504
923228220,89771.44345812552
908227040,68531.25900017162
531379050,231654.43012004948
907126010,153962.01661195388
528142140,338653.1429732354
923276250,175007.60472251064
534201300,134356.2355695737
528176070,303631.0192970462
535453210,154860.30660029085
528120020,280634.8229708412
908154235,798973.3631661234
903227020,134926.64551985732
528106110,422164.25765962113
528186130,368254.6489082125
535300040,124700.20116962705
534479120,115579.30034728155
910205020,97657.35870524433
903456110,212474.90020977147
909129090,107548.13329411673
534276230,152454.71780001646
907203060,108196.74526758523
